Datetime,Water Level (m)
2026-01-10 00:00:00,-0.39273322
2026-01-10 01:00:00,-0.80731696
2026-01-10 02:00:00,-1.1682442
2026-01-10 03:00:00,-1.3935627
2026-01-10 04:00:00,-1.2951704
2026-01-10 05:00:00,-0.8302002
2026-01-10 06:00:00,-0.3182285
2026-01-10 07:00:00,0.0840614
2026-01-10 08:00:00,0.3689558
2026-01-10 09:00:00,0.5160081
2026-01-10 10:00:00,0.48324916
2026-01-10 11:00:00,0.26238137
2026-01-10 12:00:00,-0.033622146
2026-01-10 13:00:00,-0.40382928
2026-01-10 14:00:00,-0.7089055
2026-01-10 15:00:00,-0.9137014
2026-01-10 16:00:00,-0.94712824
2026-01-10 17:00:00,-0.71241546
2026-01-10 18:00:00,-0.3725264
2026-01-10 19:00:00,-0.05422671
2026-01-10 20:00:00,0.20139425
2026-01-10 21:00:00,0.32956263
2026-01-10 22:00:00,0.28949627
2026-01-10 23:00:00,0.09617772
2026-01-11 00:00:00,-0.20060119
2026-01-11 01:00:00,-0.5562185
2026-01-11 02:00:00,-0.8839249
2026-01-11 03:00:00,-1.1374964
2026-01-11 04:00:00,-1.2313973
2026-01-11 05:00:00,-1.0576972
2026-01-11 06:00:00,-0.6998117
2026-01-11 07:00:00,-0.35334685
2026-01-11 08:00:00,-0.03483351
2026-01-11 09:00:00,0.26399127
2026-01-11 10:00:00,0.42534244
2026-01-11 11:00:00,0.40040138
2026-01-11 12:00:00,0.21464695
2026-01-11 13:00:00,-0.043899443
2026-01-11 14:00:00,-0.35791948
2026-01-11 15:00:00,-0.6222836
2026-01-11 16:00:00,-0.78565043
2026-01-11 17:00:00,-0.80527055
2026-01-11 18:00:00,-0.631232
2026-01-11 19:00:00,-0.42231742
2026-01-11 20:00:00,-0.21502133
2026-01-11 21:00:00,-0.036259864
2026-01-11 22:00:00,0.0400686
2026-01-11 23:00:00,0.004008829
2026-01-12 00:00:00,-0.13122131
2026-01-12 01:00:00,-0.3269687
2026-01-12 02:00:00,-0.6049851
2026-01-12 03:00:00,-0.8688175
2026-01-12 04:00:00,-1.081334
2026-01-12 05:00:00,-1.1426607
2026-01-12 06:00:00,-0.9805023
2026-01-12 07:00:00,-0.6847562
2026-01-12 08:00:00,-0.3758651
2026-01-12 09:00:00,-0.082826085
2026-01-12 10:00:00,0.17221475
2026-01-12 11:00:00,0.3258483
2026-01-12 12:00:00,0.34216398
2026-01-12 13:00:00,0.21123149
2026-01-12 14:00:00,0.009823182
2026-01-12 15:00:00,-0.25696522
2026-01-12 16:00:00,-0.5130145
2026-01-12 17:00:00,-0.70175827
2026-01-12 18:00:00,-0.7787474
2026-01-12 19:00:00,-0.7267687
2026-01-12 20:00:00,-0.58193845
2026-01-12 21:00:00,-0.40722498
2026-01-12 22:00:00,-0.24064828
2026-01-12 23:00:00,-0.14711139
2026-01-13 00:00:00,-0.13896042
2026-01-13 01:00:00,-0.17450911
2026-01-13 02:00:00,-0.28131026
2026-01-13 03:00:00,-0.48267853
2026-01-13 04:00:00,-0.7465444
2026-01-13 05:00:00,-0.9635876
2026-01-13 06:00:00,-1.0489055
2026-01-13 07:00:00,-0.9338966
2026-01-13 08:00:00,-0.6893177
2026-01-13 09:00:00,-0.40245694
2026-01-13 10:00:00,-0.098291926
2026-01-13 11:00:00,0.17628133
2026-01-13 12:00:00,0.34766763
2026-01-13 13:00:00,0.3814882
2026-01-13 14:00:00,0.29429042
2026-01-13 15:00:00,0.11917934
2026-01-13 16:00:00,-0.1327975
2026-01-13 17:00:00,-0.41978276
2026-01-13 18:00:00,-0.6646507
2026-01-13 19:00:00,-0.8198723
2026-01-13 20:00:00,-0.83928543
2026-01-13 21:00:00,-0.7254258
2026-01-13 22:00:00,-0.5299882
2026-01-13 23:00:00,-0.31714365
2026-01-14 00:00:00,-0.1526143
2026-01-14 01:00:00,-0.07838606
2026-01-14 02:00:00,-0.095295355
2026-01-14 03:00:00,-0.19588628
2026-01-14 04:00:00,-0.3854502
2026-01-14 05:00:00,-0.67172295
2026-01-14 06:00:00,-0.9243829
2026-01-14 07:00:00,-1.0487946
2026-01-14 08:00:00,-0.95270026
2026-01-14 09:00:00,-0.69965273
2026-01-14 10:00:00,-0.3881059
2026-01-14 11:00:00,-0.055700973
2026-01-14 12:00:00,0.2465881
2026-01-14 13:00:00,0.43169737
2026-01-14 14:00:00,0.4955039
2026-01-14 15:00:00,0.43009257
2026-01-14 16:00:00,0.23628621
2026-01-14 17:00:00,-0.08493457
2026-01-14 18:00:00,-0.46779355
2026-01-14 19:00:00,-0.7881856
2026-01-14 20:00:00,-0.97298145
2026-01-14 21:00:00,-0.9955257
2026-01-14 22:00:00,-0.8616452
2026-01-14 23:00:00,-0.61162895
2026-01-15 00:00:00,-0.31927362
2026-01-15 01:00:00,-0.095576085
2026-01-15 02:00:00,-0.010029493
2026-01-15 03:00:00,-0.02062563
2026-01-15 04:00:00,-0.12837045
2026-01-15 05:00:00,-0.36358902
2026-01-15 06:00:00,-0.7133753
2026-01-15 07:00:00,-1.0279509
2026-01-15 08:00:00,-1.1705173
2026-01-15 09:00:00,-1.0616391
2026-01-15 10:00:00,-0.7544182
2026-01-15 11:00:00,-0.3614908
2026-01-15 12:00:00,0.04558639
2026-01-15 13:00:00,0.38891166
2026-01-15 14:00:00,0.58181
2026-01-15 15:00:00,0.62544245
2026-01-15 16:00:00,0.52494365
2026-01-15 17:00:00,0.23850262
2026-01-15 18:00:00,-0.19340742
2026-01-15 19:00:00,-0.6533673
2026-01-15 20:00:00,-1.0113406
2026-01-15 21:00:00,-1.2172946
2026-01-15 22:00:00,-1.2219521
2026-01-15 23:00:00,-0.9595912
2026-01-16 00:00:00,-0.5609691
